average_salary,city_state,company_id,company_info,company_name,company_rating,country_name,job_desc,job_title,post_date
,Sydney,4138,"[('Headquarters', 'Dublin, Ireland'), ('Size', '10000+ employees'), ('Founded', '1989'), ('Type', 'Company - Public\r\n                                    (ACN)'), ('Revenue', '$10+ billion (USD) per year'), ('Competitors', 'Cognizant Technology Solutions, EY, McKinsey & Company')]",Accenture,3.8,Australia,"Qualifications: Bachelor's degreeMinimum of 7 years of experience in Healthcare and/or Public SectorMinimum of 3 years of strategy consulting experience at a consulting firmMinimum of 2 years of experience in one or two of the following:Visioning and Growth StrategiesStrategic cost reduction / zero based cost reduction and spendTechnology strategy (e.g., digital, cloud, artificial intelligence, analytics, robotic process automation, blockchain)Customer strategy (e.g., customer experience, customer journey design)Workforce strategyProfessional Skill Requirements:MBA degree or equivalentProven ability to build, manage and foster a team-oriented environmentProven ability to work independently and drive your won work activites to an agreed outcome  Proven ability to work creatively and analytically in a problem-solving environment with Strong Financial and Business AcumenExcellent communication (written and oral) and interpersonal skills, workshop facilitation, and strong executive presenceExcellent leadership and management skills Read moreSee All",Business Strategy Senior Manager - Health & Public Service, 25 days ago
,Sydney,222702,"[('Headquarters', 'New York, NY'), ('Size', '1001 to 5000 employees'), ('Founded', '1973'), ('Type', 'Company - Private'), ('Industry', 'Business Services'), ('Revenue', 'Unknown / Non-Applicable')]",IQPC,3.2,Australia,"Finished your Exams? Not sure what career path you want to take? Look no further.  The International Quality and Productivity Centre (IQPC) is one of the world’s leading conference and events companies.  Our conference topics are on the forefront of changes in the Australian economy and range from subjects such as, the use of Artificial Intelligence to improve business through to how Blockchain is changing the nature of global finance markets. RequirementsKey Responsibilities:Developing conference programs that tap into new innovations and ideas.Attracting and securing speakers to each event.Writing copy for conference agenda and marketing collateral.Working in partnership with other internal teams to deliver the final outcome.(marketing, operations, delegate sales and sponsorship).Managing budgetsOnsite running of the event. Conducting research with senior executives to familiarise yourself with the inner workings of the topic you are focusing on. To be successful you will be:An enthusiastic Graduate looking for a career opportunity – 1 year’s corporate experience preferred but not essential.Interested in current events and have a broad understanding of the Australian economy.Able to express yourself extremely well both written and verbally.Well presented and not afraid to meet face to face with clients.Confident over the phone and comfortable working to tight deadlines.BenefitsIn return IQPC will offer you:Initial and ongoing training and development of communication, sales, marketing and project management skills.The opportunity to network with senior business leaders across a wide variety of industries.The ability to travel both locally and overseas (we have offices located in London, New York, Berlin, Dubai and Singapore).A fantastic culture and team to work and grow with. Email your CV to: Trish.Tyler@iqpc.com.au for a confidential chat. Start ASAP. Read moreSee All",Graduate Role - Conference Production, 10 days ago
,Sydney,4138,"[('Headquarters', 'Dublin, Ireland'), ('Size', '10000+ employees'), ('Founded', '1989'), ('Type', 'Company - Public\r\n                                    (ACN)'), ('Revenue', '$10+ billion (USD) per year'), ('Competitors', 'Cognizant Technology Solutions, EY, McKinsey & Company')]",Accenture,3.8,Australia,"Qualifications: Bachelor's degreeMinimum of 4 years of experience in Healthcare and/or Public SectorMinimum of 2 years of strategy consulting experience at a consulting firmMinimum of 1 years of experience in one or two of the following:Visioning and Growth StrategiesStrategic cost reduction / zero based cost reduction and spendTechnology strategy (e.g., digital, cloud, artificial intelligence, analytics, robotic process automation, blockchain)Customer strategy (e.g., customer experience, customer journey design)Workforce strategyProfessional Skill Requirements:MBA degree or equivalentProven ability to build, manage and foster a team-oriented environmentProven ability to work independently with guidance from Senior management  Proven ability to work creatively and analytically in a problem-solving environment with Strong Financial and Business AcumenExcellent communication (written and oral) and interpersonal skills, workshop facilitation, and strong executive presenceStrong Program Management Skills Demonstrated expertise in Health and Public Services with preferred industry experience in HealthThe candidate should have excellent customer facing capabilities, and an established track record for selling & delivering consulting engagements Read moreSee All",Business Strategy Manager - Health & Public Service, 25 days ago
,Sydney,540720,"[('Headquarters', 'Bristol, United Kingdom'), ('Size', '201 to 500 employees'), ('Founded', '2008'), ('Type', 'Company - Private'), ('Industry', 'Business Services'), ('Revenue', '$100 to $500 million (USD) per year'), ('Competitors', 'Unknown')]",Opus Professional Services Group,4.4,Australia,"BLOCKCHAIN / Webservices / GREENFIELD / Senior QA Engineer / TRADING / $100,000 - $120,000 + Super Urgent permanent requirement for a Senior QA in the Trading domain. It is in the CBD for a brand new Greenfield project specializing in BLOCKCHAIN.  The right candidate will be a Back-end Test specialist who has used the following XMLWebservicesISO Standard messagingBack end applicationsUsing messaging systems to verify and retrieve Nice to have Blackchain experience or interest inTrading/finance experience If you have the relevant skillset please get in touch  barry.smith.daxtra@opusrs.com.au Read moreSee All",Senior QA Engineer (Webservices), 24 days ago
,Canberra,4138,"[('Headquarters', 'Dublin, Ireland'), ('Size', '10000+ employees'), ('Founded', '1989'), ('Type', 'Company - Public\r\n                                    (ACN)'), ('Revenue', '$10+ billion (USD) per year'), ('Competitors', 'Cognizant Technology Solutions, EY, McKinsey & Company')]",Accenture,3.8,Australia,"Qualifications:Experience in object-oriented development (JavaScript).Proven experience with tools including HTML5, CSS3, jQuery and AJAX.Technical skills in front end technologies like AngularJS, React.js, React Native and Node.jsExperience in working with APIs and web servicesTechnical skills in cross platform mobile developmentExperience in UI & UX Design and utilising Adobe Creative Cloud products, Sketch and other design-based toolsets.Experience in working with teams who run agile and sprint-based methodologiesGood understanding of version control systems (Git, Perforce, etc.)General:Must be motivated, self-starterMust enjoy technology and be passionate about applying technologies to real world problemsMust be comfortable in interfacing with different teams and clients and be able to support presentations, demonstration and events with The Garden teams involvedHigh interest in emerging technologies like blockchain, AI and quantum computing Read moreSee All",Full Stack Engineer, 9 days ago
,Sydney,2867,"[('Headquarters', 'New York, NY'), ('Size', '10000+ employees'), ('Founded', '1987'), ('Type', 'Subsidiary or Business Segment'), ('Industry', 'Accounting & Legal'), ('Revenue', '$2 to $5 billion (USD) per year'), ('Competitors', 'PwC, Deloitte, EY')]",KPMG Australia,3.8,Australia,"Be at the forefront of KPMG's digital and technology transformationBuild a long term career across the broad areas of our businessEnjoy significant responsibility in an agile work environment and a career that flexes to your lifestyleBarangaroo office, Sydney (Melbourne applicants also considered for Docklands office location) KPMG is one of the most trusted and respected global professional services firms. Through depth of expertise, clarity of insight and strength of purpose we help our clients solve complex challenges, steer change, strengthen, transition and grow. We are looking for talented people who share our purpose of inspiring confidence and empowering change for our clients, our people and our communities.  KPMG is embracing technology to transform and enhance our client service offerings in areas such as artificial intelligence, data and analytics, virtual reality, cybersecurity and blockchain. We also collaborate with major technology vendors to provide innovative client solutions.  An exciting opportunity for a commercially-focussed, junior to mid-level technology lawyer has arisen in our in-house legal team, the Office of General Counsel (OGC).  Based in our Barangaroo, Sydney office (although Melbourne applicants will also be considered) and working within an agile, inclusive and supportive culture, this role reports to the OGC's Head of IP & Technology. It will see you advising all areas of KPMG's business, including working directly with the General Counsel, Chief Digital Officer, CIO and other senior stakeholders. You will be operating in an area of real growth and innovation, with the opportunity to independently develop your network throughout KPMG and be highly-visible on business initiatives that are at the forefront of our rapid expansion in the technology space. Your new roleKey responsibilities will include:Providing legal guidance in relation to KPMG's rapidly growing and evolving technology solutions and digital service offeringsAdvising on the development and commercialisation of innovative, digital products and service offerings, including licensing them across KPMG's global, member firm networkReviewing, drafting and negotiating IT and IT-related agreements, including master technology services agreements, technology procurement, implementation, licensing, SaaS and outsourcing agreementsAdvising on the structuring of and responses to tenders for the provision of technology servicesSupporting OGC's M&A team where technology and intellectual property issues arise in acquisitionsLiaising closely with the business and external counsel.You bring to the role Ideally we are looking for someone with post admission experience with a leading law firm and/or in-house environment or technology business. You will have: Current practicing certificateSignificant experience advising on technology contracts and technology-related mattersStrong drafting and negotiation skillsStrong written and verbal communication skills and experience building relationships with internal clients at all levelsProject management, research, analysis and problem solving skillsFlexibility, adaptability and a team-orientated attitude, as well as the ability to operate independently as required and proactively manage competing priorities.What we offer you We offer rewarding careers for outstanding professionals, ongoing learning and development opportunities, a collaborative and inclusive culture, and flexible and agile work practices that focus on our people's wellbeing to drive innovation and entrepreneurship. We also believe that our business plays a distinct and vital role in helping solve important social and environmental issues; and use our unique skills and expertise to help create positive and lasting impacts for our communities.  We believe diversity of thought, background and experience strengthens relationships and delivers meaningful benefits to our people, our clients and communities. We are consistently recognised as an employer of choice for women, and our inclusive culture promotes the development of our people irrespective of gender, ethnicity, generation, flexible work status, family circumstances, sexual orientation or disability.  This is an exciting opportunity to be a part of KPMG and its ongoing success. So if you want a career where you can use your deep expertise to deliver real results, talk to us first. Please apply for this position by submitting your confidential application online. Advertised: 02 Feb 2018 AUS Eastern Daylight Time Applications close: Read moreSee All",Technology Legal Counsel (In-house), 12 days ago
,Sydney,2867,"[('Headquarters', 'New York, NY'), ('Size', '10000+ employees'), ('Founded', '1987'), ('Type', 'Subsidiary or Business Segment'), ('Industry', 'Accounting & Legal'), ('Revenue', '$2 to $5 billion (USD) per year'), ('Competitors', 'PwC, Deloitte, EY')]",KPMG Australia,3.8,Australia,"Consulting opportunity (Consultant / Senior Consultant / Manager)Data Scientist / Engineer / Analyst - R / Python / MATLAB or Java / Node.js / NoSQL / HTML5 or SQL / Alteryx / Tableau / QlikMultiple positions available - Melbourne, Sydney and CanberraFlexible working options available KPMG is one of the most trusted and respected global professional services firms. Through depth of expertise, clarity of insight and strength of purpose we help our clients solve complex  challenges, steer change, strengthen, transition and grow. We are looking for talented people who share our purpose of inspiring confidence and empowering change for our clients, our  people and our communities.  You will work in a rapidly growing part of KPMG's Management Consulting Practice with projects that span multiple locations and industry sectors.  Our highly skilled Data & Analytics team helps our clients to use their data resources for creating value, enhancing competitiveness and driving business decisions. Within Data & Analytics  We provide unique services through delivering consulting projects, custom analytics work, proofs of concept, fantastic face to face and on-line trainings and accreditations for our brightest minds around data and advanced analytics. Your new role Our team is seeking data analytics specialists to support our ambitious growth strategy. Working in our team you'll be mixing with some of the brightest minds while working on significant commercial projects - solving real world problems at some of the nation's most respected companies, using some of the most exciting and interesting data you wouldn't normally have access to.  You'll be working collaboratively within a team environment and building strong client relationships.  Joining our team you'll be working across projects that are applying data solutions to solve client problems by: Solving challenging problems with advanced Data Science and Machine Learning techniques - using statistical tools like R, MATLAB, Python, SAS and SPSS.Building solutions using technologies like Java, Python, Node.js, NoSQL databases - leveraging Big Data platforms like Hadoop, Spark on Amazon AWS and Microsoft Azure.Developing innovative web and mobile applications using HTML5, CSS and JavaScript (D3, jQuery, Bootstrap and React).Working with emerging and innovative digital solutions, including Artificial Intelligence, Blockchain process bots and natural language processingYou bring to the role We are open to candidates of all skill levels and experience.You will describe yourself as one of these analytics roles and bring relevant experience in your chosen area: Data Scientist: Using Data Science techniques and Machine Learning skills over Big DataData Engineer: Engineering modern data solutions or pipelines to facilitate advanced analytics, visualisation & interactive data applicationsData Analyst: Analysing and business consulting with data - using relational databases (SQL), data workbench & visualisation tools for project delivery, applying business logic and interpreting results You'll demonstrate your experience in a consulting environment and/or experience within industry where you have developed your subject matter expertise and led others. You'll need to bring an ability to work collaboratively within a team environment and to build strong client relationships. We're looking for talented people, team players and progressive thinkers who can communicate their ideas convincingly. You will:Have a questioning mind and lots of bright ideasBe a critical thinker with strong analytical and problem solving skillsBe comfortable with manipulating and combining large, high dimensional datasets from multiple sourcesHave an ability to interpret findings and identify key insights to communicate to a non-technical audienceHave demonstrated experience building relationships with internal and/or external clientsBe passionate about delivering high quality workWhat we offer you We offer rewarding careers for outstanding professionals, ongoing learning and development opportunities, a collaborative and inclusive culture, and flexible and agile work practices that focus on our people's wellbeing to drive innovation and entrepreneurship. We also believe that our business plays a distinct and vital role in helping solve important social and environmental issues; and use our unique skills and expertise to help create positive and lasting impacts for our communities.  We believe diversity of thought, background and experience strengthens relationships and delivers meaningful benefits to our people, our clients and communities. We are consistently recognised as an employer of choice for women, and our inclusive culture promotes the development of our people irrespective of gender, ethnicity, generation, flexible work status, family circumstances, sexual orientation or disability.  This is an exciting opportunity to be a part of KPMG and its ongoing success. So if you want a career where you can use your deep expertise to deliver real results, talk to us first. Advertised: 14 Feb 2018 AUS Eastern Daylight Time Applications close: 25 May 2018 AUS Eastern Standard Time  Read moreSee All",Data & Analytics - Expression of interest - Various levels, 10 days ago
,Sydney,1254987,"[('Headquarters', 'Sydney, Australia'), ('Size', '51 to 200 employees'), ('Founded', 'Unknown'), ('Type', 'Company - Private'), ('Industry', 'Unknown'), ('Revenue', '$1 to $5 million (USD) per year'), ('Competitors', 'Unknown')]",Hive Empire,None,Australia,"Full-Stack Developer - HiveEx Seeking a Full-Stack Developer with an awesome business sense and three or more years of development experience across front end, back end and mobile. About The Role Hive Empire Ventures, a sister company to finder.com.au, one of the largest Australian comparison websites, is seeking an expert Full-Stack Developer who’s ready to jump in and smash out awesome new applications and features at speed (using whatever language works best for the project - anything from Python to Javascript, Swift, C++ and SQL).  Hive Empire Ventures is all about finding massive new opportunities in a number of digital markets, particularly in cryptocurrency, and owning it. We move fast and need a developer who can move fast with us.  You’ll be working directly with the CEO, Business Manager and designers to help build scripts, databases, websites and mobile applications across both iOS and Android. Key Duties & ResponsibilitiesUnderstand business problemsCode solutions to business problemsDeploy solutions to business problemsDevelop MVPs for new products, and then build on themCode scripts to do anything from trading to website scrapingGet code live multiple times per dayBe proactive and help find and build new business opportunitiesSkills & Experience3+ years of development experienceStrong knowledge of the cryptocurrency and blockchain worldAbility to build scripts and scrape web dataAbility to create APIs for our productsExperience programming with Swift for iOS developmentAbility and desire to use and extend Git tools (GitHub, Bitbucket) to enhance workflowThe ability to look into the wider market and find technical gaps we can capitalise onBe able to think like a customer, and build products that provide an amazing user experienceKnowledge of Front End technologies beneficialSolidity and/or blockchain development experience beneficial, but not required Read moreSee All",Full-Stack Developer, 27 days ago
,Sydney,1651,"[('Headquarters', 'Redmond, WA'), ('Size', '10000+ employees'), ('Founded', '1975'), ('Type', 'Company - Public\r\n                                    (MSFT)'), ('Industry', 'Information Technology'), ('Revenue', '$10+ billion (USD) per year'), ('Competitors', 'Google, Amazon, Apple')]",Microsoft,4.1,Australia,"Lead Application Innovation and Modernisation – DevOps, Customer-Facing Apps, Internal Business Apps, Blockchain, & Gaming – on Microsoft Azure. Microsoft’s focus on application development, “Any Developer. Any App. Any OS.”, and PaaS services is core to the continued, triple-digit growth of Microsoft Azure.  This role will be accountable for setting and driving the strategy for the Application Innovation business within Microsoft Australia to win the enterprise developer ecosystem, grow PaaS services revenue, and drive adoption of Microsoft tools and platforms in the Enterprise. The right candidates will demonstrate a strong understanding of the product set and be an external spokesperson for application innovation on Azure. This individual will understand commercial application development and have a development background.ResponsibilitiesProduct Evangelism (40%)Plan and execute activities that promote commercial application development on Microsoft Azure.Maintain product knowledge and evangelize as a subject-matter expert internally and externally.Create a business plan and make investment decisions for Microsoft’s developer engagement.Be the voice of the developer by delivering timely feedback that shapes our engagement strategy.Business Orchestration (40%)Identify and orchestrate strategic market-making plays. Own local business management strategy, partnering with fellow leaders to interpret market opportunity and risk.Determine key insights and asks to accelerate adoption of Microsoft Azure back into subsidiary leadership team.Go-To-Market Planning (20%)Own the local product marketing strategy for Application Innovation and Modernisation on Azure.Conduct reviews across the business to drive aligned execution with Engineering and Business peers.QualificationsPassion for technology and understanding of commercial application development.Minimum of 5-7 years of related experience in software business development, sales, and partner management with a consistent track record of meeting and exceeding your revenue and growth commitments.Understand software development principles and have a proven record of building technical relationships within developer community.Exceptional leadership skills and team building, decision-making, conflict resolution, and follow through.Results-driven with exceptional presentation, verbal, and written communication.Bachelor’s Degree required. MBA a plus, relevant fields of study include Business, Computer Science, and Marketing.Microsoft is an equal opportunity employer. All qualified applicants will receive consideration for employment without regard to age, ancestry, color, family or medical care leave, gender identity or expression, genetic information, marital status, medical condition, national origin, physical or mental disability, political affiliation, protected veteran status, race, religion, sex (including pregnancy), sexual orientation, or any other characteristic protected by applicable laws, regulations and ordinances.  Benefits/perks listed below may vary depending on the nature of your employment with Microsoft and the country where you work. Read moreSee All",Application Development & Innovation Lead, 5 days ago
,Sydney,1613426,"[('Headquarters', 'New York, NY'), ('Size', '201 to 500 employees'), ('Founded', 'Unknown'), ('Type', 'Company - Private'), ('Industry', 'Information Technology'), ('Revenue', '$25 to $50 million (USD) per year'), ('Competitors', 'Unknown')]",Consensys,4.6,Australia,"ConsenSys is a decentralised organisation operating to a Holocracy model. We are a global remote first and tech first organisation with over 600 employees and growing fast. All People and Talent initiatives will require a customised and tailored approach. The opportunities for growth and learning are endless. You will be creating programs that have never existed before...ever! If you are already familiar with Holocracy, or mesh/hub and spoke operating models, you'll know that there aren't many companies in the world that work this way.  This is not a role for the faint of heart, but for the right individual the opportunity is compelling. This role will be charged with building out a world class People and Talent program for the APAC region and will work closely with the People Leads in other regions so that all programs are complimentary. Not only this, but you'll also play a key part in how our organisation grows globally as we continue to expand as the worlds largest blockchain venture production studio. There'll never been a better time to join us! About ConsenSys: ConsenSys is the worlds largest blockchain venture production studio focused on developing cutting edge applications across all major industry sectors, investing in disruptive startups, and consulting global organisations / governments on decentralised technologies powered by Ethereum. Our mission is to use these solutions to power the emerging economic, social, and political operating systems of the planet.  ConsenSys is building the future of identity, financial markets, commerce, security and infrastructure, and more. If you are someone that thrives in a fast-paced environment where being self-directed, determined, and resilient are a requirement, we would love to hear from you.  Our venture studio model includes an evolving project evaluation process that you will need to enhance and be part of. This includes funding individual projects, evaluating performance, establishing legal entities and ultimately spinning out certain initiatives into standalone companies. We have created over 20 such projects at the moment, and have already successfully venture funded one spin-out, and completed or are in development on several token launches for funding projects and companies.  Our Enterprise customers are some of the largest companies and financial institutions in the world. We are the driving force behind two major industry consortia, the Enterprise Ethereum Alliance and Accounting Blockchain Coalition, and contribute significantly to the governance and operations of both. We also anticipate one or more significant external funding events over the next year, potentially leveraging innovative, blockchain based financing as part of our capital structure. And to enable scaling, you will need to help develop the processes we need to insure the smooth operations of our company. Responsibilities:Consult and develop leads on initiatives to maximize employee engagement and satisfactionUnderstand and adapt to changing business conditions and recommend employee retention strategiesContribute to various international and local projects such as organizational change projects, education, onboarding, and technology projectsCoach leads on initiatives such as career management and development actions, and on matters such as disciplinary actions, change and conflict management, and terminationsWork on salary review and incentive processes, and prepare analysis of internal and external benchmark data to provide a basis for decision-makingManage visa process for international new hires and current staff (including application process, monitoring updates in Visa Conditions particularly in Australia)Work with teams and employees to understand development needs to improve and design the learning and development programsProvide a safe space for employees to learn and growAbout you:You will have a personal interest or experience in decentralised organisations, ideally with an awareness of the principles of Holocracy - you'll be excited by the prospect of building out processes and ways of working that reflect and enable this approachSignificant people leadership experience, with relevant tertiary qualificationsProven experience building People functions and teams from scratch in a rapidly scaling international organisation, including:Company entities and employment law across APAC region (specifically Australia, Singapore and Philippines)Employment contractsGlobal mobility (sponsorships & visas)Reward & RemunerationEmployer brandingTalent ManagementOnboarding processesPerformance ManagementA strong focus on employee relationsAbility to lead by example and effect changeResults driven with strong analytical skillsKind, humble, and thoughtful - we have no egos hereAbility to focus on the details, but also understand the bigger pictureInterest in new technology, Blockchain, and/or EthereumMultiple languages would be a plus, but this isn't a mandatory requirement Read moreSee All",People (HR) Director APAC, 17 days ago
,Hawthorn,145946,"[('Headquarters', 'Hawthorn, Australia'), ('Size', '1001 to 5000 employees'), ('Founded', '1992'), ('Type', 'College / University'), ('Industry', 'Education'), ('Revenue', 'Unknown / Non-Applicable'), ('Competitors', 'Royal Melbourne Institute Of Technology, UTS')]",Swinburne University of Technology,3.5,Australia,"We are driven to find innovative research solutions to real world problemsAcademic Level B, $94,910 - $112,364Fixed term contract until August 2021, Hawthorn Campus • We are driven to find innovative research solutions to real world problems Academic Level B, $94,910 - $112,364Fixed term contract until August 2021, Hawthorn CampusAbout Swinburne Swinburne’s emphasis is on high quality, engaged teaching and research in science, technology, business, design and innovation – teaching and research that makes a difference in the lives of individuals and contributes to national economic and social objectives. About the job The Postdoctoral Research Fellow will undertake original research in the area of smart urban mobility. The position will be located in the Department of Civil and Construction Engineering and will be strongly aligned with the Future Urban Mobility program within Swinburne’s Smart Cities Research Institute.  The primary expectation of the position is to make original and innovative contributions to the advancement of urban mobility research in areas related to smart mobility, intelligent transport systems, transport modelling and simulation, AI/machine learning and blockchain applications, autonomous urban mobility, and development of disruptive interventions and technologies that will enable step-changes in emerging and future modes of urban mobility. About Department of Civil and Construction Engineering The Department has a highly dedicated team of 27 full-time teaching and research staff and is home for more than 1,000 undergraduate and postgraduate coursework students, in addition to more than 100 higher degree research students. The Department’s research is supported by a strong research environment within the University. This includes the Smart Cities Research Institute, the Centre for Sustainable Infrastructure and a number of world-class laboratories including Swinburne’s virtual transport modelling research facility. Our research is supported by many grants from national competitive funding schemes, in addition to extensive funding from CRCs, industry and other national and international bodies. Skills and experience To be successful in this role you will need to demonstrate the following: An earned doctoral qualification in transport engineering or a related field focusing on the convergence of technologies, infrastructure and urban mobility.Strong publications in broad urban mobility areas especially intelligent transport systems, traffic and transport modelling, autonomous vehicles research, AI and machine learning applications in transport, and smart urban mobility solutionsDemonstrated in-depth understanding of smart urban mobility solutions, and emerging and future modes of transport A full list of the selection criteria is available within the position description Benefits To find out more about the extensive benefits offered to Swinburne employees please visit:  http://www.swinburne.edu.au/about/jobs/why-work-at-swinburne/ How to apply The diverse culture within Swinburne is a source of strength. We have an inclusive working environment with employees from a variety of backgrounds. We acknowledge that diversity in the university workforce increases the effectiveness of teams and our capacity for innovation. We welcome applications from Indigenous people, workers of all ages, people with disabilities, people who identify as LGBTIQ and those from culturally and linguistically diverse backgrounds.  We are proud to be recognised by the Workplace Gender Equality Agency as an Employer of Choice for Gender Equality 2016 and of key initiatives such as our Pride@Swinburne Strategic Action Plan and our Reconciliation Action Plan which are integral components of our 2025 vision to be world class university creating social and economic impact through science, technology and innovation.  To start an application click on 'apply' at the bottom of this page and submit a resume, cover letter and response to the Key Selection Criteria, as listed in the Position Description.  Swinburne University of Technology is a Child Safe Organisation and as part of this commitment, we require all employees to have a current Working with Children’s Check. All appointments are subject to a valid Working with Children’s Check, therefore it will be a mandatory requirement to have and maintain a current Working with Children Check.  Please do not email or send paper applications, all applications must be submitted online.  For further information about the position, please contact Hussein Dia on +613 9214 5280 or hdia@swin.edu.au  If you are experiencing technical difficulties with your application, please contact the Recruitment team on +61 3 9214 8600 (option 2). Applications close at 5pm, Thursday 17 May 2018 Click here for University Information Opens in new window  Click here for Position Description Opens in new window Read moreSee All",Postdoctoral Research Fellow - Urban Mobility, Today
,Sydney,1613426,"[('Headquarters', 'New York, NY'), ('Size', '201 to 500 employees'), ('Founded', 'Unknown'), ('Type', 'Company - Private'), ('Industry', 'Information Technology'), ('Revenue', '$25 to $50 million (USD) per year'), ('Competitors', 'Unknown')]",Consensys,4.6,Australia,"ConsenSys is a venture production studio and the leading technology firm in blockchain globally. We deliver products, solutions and platforms built using blockchain technology to transform how business is done in complex network of buyers, suppliers and consumers.  Our teams are busy at work building the future of identity, financial markets, commerce, the music industry, security, and infrastructure, and more. To accomplish this we've built out a flat organizational structure which we call the ConsenSys Mesh: a network of individuals & teams working autonomously and towards the same goal. Our mission is to use these decentralized solutions to fundamentally reshape the economic, social, and political operating systems of the planet. If you are someone that thrives in a fast-paced environment where being self-directed, determined, and resilient are a requirement, we would love for you to join us. Responsibilities:Engaging and educating clients across multiple industries (i.e. financial services, real estate, non profit) on the impact of blockchain technology on their business and industry;Facilitating strategic design workshops to help clients assess business and operational shortcomings and identify potential blockchain solutions;Producing analysis and recommendations to clients to implement blockchain-based solutions to drive performance and operational efficiencies in their business;Scoping, planning and project managing the development and delivery of custom blockchain solutions for clients;Contributing to the development of ConsenSyss frameworks, tools and solutions to assess and address the business opportunities and operational pain points of the clients.Requirements/Nice to haves:Previous experience in a consultant capacity within the Blockchain SpaceDeep knowledge of Blockchain TechnologyPrevious experience dealing with high-level stakeholdersPrevious experience providing project management skills on large technical projectsPrevious experience of requirements gatheringPrevious experience of presenting about Blockchain Solutions to non-technical audiencesSalary Range: $150,000 to $190,000Here are some of the perks of being part of a unique organization like ConsenSys:The forefront of a revolution. At ConsenSys we fundamentally believe that a next generation of technologies presents the opportunity to create a more just and equitable society.A dynamic startup environment. ConsenSys is a thought leader in the blockchain space and we are absorbing a significant portion of the mindshare. This is both exciting and challenging, as we learn to scale our organization while adhering to the principles of decentralization.Continuous learning. Youll be constantly exposed to new languages, frameworks and ideas from your peers and as you work on different projects -- challenging you to stay at the top of your game.Deep technical challenges. This entire ecosystem is about 10 years old. Ethereum itself is still a toddler. There is much work to be done before these platforms can scale to the order of millions or billions of users. ConsenSys is building the technology platforms that can get us to those next thresholds of scale. Click here for the latest updates from ConsenSys Read moreSee All",Strategic Initiatives Lead, 12 days ago
,Sydney,6443,"[('Headquarters', 'Cambridge, MA'), ('Size', '1001 to 5000 employees'), ('Founded', '1983'), ('Type', 'Company - Public\r\n                                    (FORR)'), ('Industry', 'Business Services'), ('Revenue', '$100 to $500 million (USD) per year')]",Forrester,4.2,Australia,"Fuel your intellectual curiosity and professional growth. Forrester is an idea company, where smart, motivated, curious people bring a diversity of opinions and the courage of their convictions to collaborate on ideas that change the course of business. Most of all, bring a point of view; here, every voice has value. At Forrester, you’ll work with innovative clients at emerging and established brands; these are the business and technology leaders we inspire and who inspire us. The Forrester experience is built on a singular, powerful purpose: to challenge thinking and lead change. About This Role: The Principal Analyst conducts innovative research and delivers advice through written reports, advisory, client inquiries, webinars, and event speeches. As a part of Forrester’s CIO research team, the Principal Analyst will work with a team of analysts who research client initiatives related to all aspects of technology management.  The Principal Analyst serves CIO professionals as well as Forrester clients in other roles, including Enterprise Architecture Professionals, Security and Risk Management, CMOs, and Customer Experience Professionals. The analyst should have a strong understanding of digital transformation opportunities and challenges facing CIOs and their technology teams including knowledge of related technology trends like AI, blockchain and IoT. Experience across multiple industries — particularly financial services and government — is a plus. Finally, the analyst should have an appetite for conducting and writing research, be curious about new and emerging trends, and be comfortable guiding executives in their adoption of best practices.  The Principal Analyst works as part of a small high-performance team and collaborates with others in all aspects of the job. He or she is expected to: Develop a deep understanding of what Forrester clients require to be successful as CIOs.Help define the future of technology management, including how these roles can work with other key business functions and support organizational success.Write four full research reports per year that convey technology innovation in a rich business context. These reports typically: 1) introduce new thinking about successful business and technology strategies; 2) present organizational and technology implementation plans; 3) compare new technologies or services (e.g., via a Forrester Wave™); or 4) predict emerging business opportunities.Write at least 4 short research briefs per year on industry events, predictions, and/or competitive market dynamics.Consult with clients to apply Forrester’s research in the context of their specific business environment and help solve their problems through inquiry and advisory.Present at Forrester-sponsored and industry events and deliver client webinars.Establish an industry presence as an influential speaker and thinker and build relationships with CIOs, the technology vendors that serve them, and the journalists who cover the sector.Participate in vendor briefings and field press inquiries. Forrester is looking for people who are inspired and inspiring. Our product is our intellectual capital, so we welcome and reward intellectual excellence, curiosity, and sophisticated thinking and look for: Proven experience in technology management leadership; candidates typically have formulated strategy or provided consultative advice to senior business professionals.A strong record of academic achievement: B.A. or B.S. minimum; MBA or M.S. preferred.Deep intellectual curiosity about the effect of technology on the business landscape; solid business instincts; a practical understanding of how CIOs operate; a creative view of markets, technologies, and attitudes; and a fascination with the future.Superior listening, critical thinking, and writing skills, as well as memorable presentation skills.Senior analysts are expected to take complex, disparate ideas and distill them into simple, provocative concepts — and be willing to take a stand on vendors and outcomes.The ability to travel 30% to 50% of the time.Explore #ForresterLife on: YouTube  Twitter  Facebook  Instagram  LinkedIn  GlassdoorData ProtectionThe information provided by you in this application will be used for the purposes of recruitment and, for successful applicants only, for personnel administration and management purposes and to comply with the employer’s obligations regarding the retention of employee records. If your application is unsuccessful, Forrester Research, Inc., its subsidiaries, affiliates, and/or service providers (collectively “Forrester”) will retain your personal information on secure file solely to consider you for future recruitment opportunities.  By submitting your resume/CV, you consent to Forrester’s retention of the information provided on a secure file for personnel administration and management purposes and/or in order to consider you for future employment opportunities and to the transfer of the information provided to:  Forrester’s offices in the US and other countries outside the European Economic Area; and Service providers engaged by Forrester for the purposes of processing applications for employment who may be located outside the European Economic Area. Read moreSee All",Principal Analyst, 11 days ago
,Sydney,1271348,"[('Headquarters', 'Austin, TX'), ('Size', '1 to 50 employees'), ('Founded', 'Unknown'), ('Type', 'Company - Private'), ('Industry', 'Unknown'), ('Revenue', 'Unknown / Non-Applicable per year'), ('Competitors', 'Unknown')]",TenX,None,Australia,"Description: The TenX Research Lab is looking to hire a software engineer with strong grasps of the principles of distributed and peer-to-peer computing who are based in Sydney, Australia (PR or Visa Holder required).  Past experience and knowledge in blockchain technologies or general cryptography is a plus but more importantly is that people are are hungry and self-driven, interested in the blockchain ecosystem and willing to grow and learn.  We value contributions to open source software projects, experience building startup MVPs, giving talks, and organizing communities. TenX engineers are experts in their fields and leaders among their peers; we expect you to have these qualities too.  Location: Sydney, Australia Requirements The perfect candidate has: Professional proficiency with both object-oriented and functional programming paradigms, and professional proficiency with at least one language in each categoryProfessional proficiency with one or more of the following programming languages: Rust, Java, JavaScript or CProfessional proficiency in backend development with a strong focus on scalability and fault toleranceExperience building, deploying, and maintaining microservices or serverless architectures in the cloudExperience using Docker to create reproducible build and deployment pipelinesExpertise with LinuxYou know what “immutability”, “orthogonality” and “idempotence” mean. You can explain how and why these traits are important, citing specific examples from your professional experienceBenefitsA casual work environment where results matter more than office timeDeveloper-friendly hardware, whether it’s Linux or Mac that you preferExcellent team of go-getters Read moreSee All",Software Engineer - Blockchain, 13 days ago
,Melbourne,2784,"[('Headquarters', 'London, United Kingdom'), ('Size', '10000+ employees'), ('Founded', '1989'), ('Type', 'Company - Private'), ('Industry', 'Accounting & Legal'), ('Revenue', '$10+ billion (USD) per year'), ('Competitors', 'Deloitte, KPMG, PwC')]",EY,3.8,Australia,"Our Tax Technology and Transformation practice provides a wide range of services around various tax operational challenges that our clients face with respect to technology, data, process and people. As part of a global team of tax professionals in 150 countries, you will get plenty of opportunities to use and build upon your experience in tax strategy and process consulting, tax data management, implementation of tax software systems and building tax requirements for various systems to help our clients improve the performance of their tax function.About the OpportunityAs a Consultant of the Tax Technology & Transformation practice, you’ll be a key member of the team, committed to supporting the team in building and maintaining relationships with clients. You will be involved in key projects to assist our clients to optimize performance of their functions. You will also have the opportunity to support the wider team on firm wide initiatives in relation to tax innovation and digital tax, driving awareness of offerings and opportunities, enabling you build networks across the firm. About youYou have a keen interest in technology and tax and want to further your skills in a business environment by helping clients improve the way they do things on a day-to-day basis. In your role you will:Evaluate or optimize tax operation structures by assessing current state, benchmarking with leading practice and providing optimization solution options.Assist in the re-design and rollout of streamlined tax processes including new technology solutions with clear roles and responsibilities, standardized work processes and robust controls embedded to manage risks.Assist in the building of Tax requirements into Finance and IT systems to increase automation and data quality throughout tax processes, automate tax processing, tax compliance and reporting through various tax technologies.Assess and prioritise tax risks to establish a robust control environment that takes into account the various tax regulatory regimes and identify process and control improvement opportunities.We’re looking for people with the following experience and skills:A degree in commerce, accounting, finance, or a related discipline.Advanced Microsoft Office skills, experience with VBA will be advantageous.Data analytics and data management skills, using software such as Tableau or Alteryx.Software and web development skills using a variety of languages ranging from C++ to PHP.Strong analytical and problem solving skills, attention to detail, and ability to think logically is essential.Ability to develop relationships with clients and provide a high quality client service.Excellent interpersonal skills and time management capabilities.Ability and willingness to travel.Experience in one or more of the following is a plus:An aptitude for learning and mastering emerging technologies and software such as robotic process automation, blockchain and machine learning.Database management skills using SQL, or data science skills / programming skills using software such as Java, R or Python with pandas.Tax compliance, reporting, and accounting.Development and/or implementation of tax or finance technology solutions.Knowledge and experience in RPA software.Knowledge and experience in business intelligence software.Experience in technology on transformation project management.In return you will be offered impeccable training with broad exposure, the experience to work in a highly sought after and successful team and potential opportunities for work travel for training, client work and secondments.About usEY is a global professional services organisation providing advisory, assurance, tax and transaction services. We are committed to doing our part in building a better working world, to help create wider economic and social benefits today, and a strong legacy for a better tomorrow.© 2018 Ernst & Young Australia. All Rights Reserved. Read moreSee All","Consultant, Tax Technology Services", 3 days ago
,Canberra,2784,"[('Headquarters', 'London, United Kingdom'), ('Size', '10000+ employees'), ('Founded', '1989'), ('Type', 'Company - Private'), ('Industry', 'Accounting & Legal'), ('Revenue', '$10+ billion (USD) per year'), ('Competitors', 'Deloitte, KPMG, PwC')]",EY,3.8,Australia,"Whole industries have been disrupted and transformed in recent years by digital technology. As an IT advisory professional, you’ll help businesses realise the value they can gain from their IT investments — supporting strategy and being a key growth driver. As part of a high-performing team, you’ll deliver exceptional client service — providing advice on how technology enablement, digital transformation and enterprise intelligence contribute to performance improvement, as well as how IT can act as multiplying effect during major program transformations.As organisations look to leverage the advantage IT offers, we’ll work with you to develop the consultancy and analytical skills that you’ll need in today’s environment. Working on projects that cross borders and sectors, the experiences you gain here will be more valuable than anywhere else. So whenever you join, however long you stay, the exceptional EY experience lasts a lifetime.About the opportunityIn your role as a Manager you’ll:Build relationships with government and private sector clients at the C-Suite levelManage complex client interactions and develop high quality proposals for our clientsLead and manage diverse high-performing teams across multi-disciplines/functions within a complex stakeholder environmentManage and deliver digital technology enabled programsHave exposure to business transformation programs involving Legacy as well as new technologies such as Cloud, Mobility and AnalyticsWork with our clients as their trusted advisor to solve complex business challenges and issues using digital, cloud and technology solutionsAdvise our clients on how to better leverage their IT investment to deliver greater business valueLead the development of digital IT strategies, IT operating models and technology roadmapsDevelop business cases for IT transformation initiativesBe accountable for delivering high quality client service and solutionsAbout youWe’re looking for people with the following experience:Proven high performance with consulting experience ideally gained in a professional services or Tier 1 consulting environmentProfessional presence and the confidence to operate at the most senior levels of an organisation; strong stakeholder manager skills, quickly and easily build rapport with business executivesExperience and knowledge of Blockchain, cloud and roboticsExperience with emerging technologies (e.g. AWS, Azure, SharePoint, ServiceNow, etc.Demonstrated ability to deliver complex advisory projects, preferably within professional servicesAbilities across a range of areas including Program Advisory, Major Program Transformation, Information Management, Cloud and IT operating model transformationBring a strong mix of business and technical acumen, with business process knowledge and the ability to maintain a professional demeanour under pressureHave excellent written, verbal, and presentation skills and a willingness to work locally and nationallyAbout usEY is a global professional services organisation providing advisory, assurance, tax and transaction services. We are committed to doing our part in building a better working world, to help create wider economic and social benefits today, and a strong legacy for a better tomorrow.Apply nowAcross every part of EY, we dig deeper in pursuit of better working. Does better begin with you? Click apply online to find out.The preferred applicant will be subject to employment screening by Ernst & Young or by their external third party provider.© 2018 Ernst & Young Australia. All Rights Reserved. Read moreSee All",Digital and Emerging Technology Manager, 3 days ago
,Melbourne,10471,,SAP,4.4,Australia,"Requisition ID: 149410 Work Area: Consulting and Professional Services Expected Travel: 0 - 50% Career Status: Professional Employment Type: Regular Full Time COMPANY DESCRIPTION As market leader in enterprise application software, SAP helps companies of all sizes and industries innovate through simplification. From the back office to the boardroom, warehouse to storefront, on premise to cloud, desktop to mobile device – SAP empowers people and organizations to work together more efficiently and use business insight more effectively to stay ahead of the competition. SAP applications and services enable customers to operate profitably, adapt continuously, and grow sustainably.    PURPOSE & OBJECTIVES    Do you combine knowledge of business innovation and next-generation technologies to help companies run their businesses better? Do you dream of changing what businesses can achieve and the impact they can have through the intelligent use of these technologies? SAP Leonardo Services is a dynamic new entity within SAP that combines business innovation, next-gen technology, thought leadership and an entrepreneurial spirit to create impact at scale for SAP customers.     Our focus is helping SAP customers grow their businesses through the smart application of Leonardo technologies, including Blockchain, Machine Learning, Advanced Analytics, IOT and Artificial Intelligence. Working closely together with SAP product, sales and the rest of the services business we help realize SAP’s strategic goal of leading in next-generation technologies.     At SAP, we believe in the power of collaboration and empower our employees to perform at their best in an environment that encourages free and open expression of ideas. Here, you work alongside creative thinkers and deep experts who share your interests, while turning big ideas into reality for our customers. With innovative job training, mentors to help you grow, and the flexibility to balance your work and personal life, you’re able to build your career. It’s no wonder that some of the sharpest minds from around the world are working for a company that is consistently recognized as a global top employer.    Key Responsibilities   Leading cross-functional work-streams of designers, technologists, and business innovators to take selected ideas from concept to commercialization.Development of new digital business and service models, and concepts that combine edge technology (IoT, blockchain, Machine Learning, Artificial Intelligence, and advanced analytics) with established tech. to deliver business impact.Working with SAP leadership in the region to support new growth for SAP Leonardo Services in collaboration with the partner ecosystem and across SAP, from product development, to sales.Managing and inspiring teams for selected innovation projects and initiatives.Contributing to thought leadership at a global and local level for applied innovation.Enabling SAP customers to adapt and use the SAP innovation methodologies, edge technologies, innovation processes and tools   EDUCATION AND QUALIFICATIONS / SKILLS AND COMPETENCIES   Bachelor degree or equivalent.Knowledge and experience of business and service model innovationKnowledge of mega trends in business and technology in major industries, preferably in discrete manufacturing, consumer products or energy and natural resourcesGood understanding of how to apply one or more edge technologies (IOT, Data Science, Blockchain, Machine Learning) in a business context.High energy with a strong work ethic and desire to change the way businesses operate and apply emerging technologies to make a difference. Curious with an enquiring mind, inspired by exploration and the new with an openness to learn novel techniques and methods.Comfortable with ambiguity and working in a fast paced, changing environment across multiple engagements simultaneously.Passionate about technology enabled business change, inspired by it and able to inspire those around you about the possibilitiesFocused on consistently delivering high quality thinking and outputs, balanced with a pragmatism to get stuff done.Excellent communications / presentation skills (oral, written) able to convey complex concepts in condensed, concise and compelling terms.A natural collaborator comfortable working with a diverse range of people across geographic and organizational borders.Ideally with experience in the design and growth of new businesses, preferably gained in a consulting firm or agency.   Experience & Language Requirements   Experience in innovation management, lean start-up organizations, innovation projects and/or research and development.Experience in Design Thinking, innovation management, lean start-up organizations, innovation projects and/or research and developmentExperience in development of new business or service models.Minimum 5-7 years of professional work experience in innovation consulting or as an entrepreneur, preferably at a top-tier management consulting firm, innovation consultancy or management consulting practice at a big System IntegratorExperience in diverse international and cross-cultural environmentsFluent in English and in one further European language is an asset         SAP'S DIVERSITY COMMITMENT    To harness the power of innovation, SAP invests in the development of its diverse employees. We aspire to leverage the qualities and appreciate the unique competencies that each person brings to the company.     SAP is committed to the principles of Equal Employment Opportunity and to providing reasonable accommodations to applicants with physical and/or mental disabilities. If you are interested in applying for employment with SAP and are in need of accommodation or special assistance to navigate our website or to complete your application, please send an e-mail with your request to Recruiting Operations Team (Americas: Careers.NorthAmerica@sap.com or Careers.LatinAmerica@sap.com, APJ: Careers.APJ@sap.com, EMEA: Careers@sap.com). Requests for reasonable accommodation will be considered on a case-by-case basis.  Additional Locations:  Read moreSee All",SAP Leonardo Services Applied Business Innovation Consultant (Mel/Syd), 18 days ago
,Sydney,10471,,SAP,4.4,Australia,"Requisition ID: 149475 Work Area: Consulting and Professional Services Expected Travel: 0 - 50% Career Status: Professional Employment Type: Regular Full Time    COMPANY DESCRIPTION    As market leader in enterprise application software, SAP helps companies of all sizes and industries innovate through simplification. From the back office to the boardroom, warehouse to storefront, on premise to cloud, desktop to mobile device – SAP empowers people and organizations to work together more efficiently and use business insight more effectively to stay ahead of the competition. SAP applications and services enable customers to operate profitably, adapt continuously, and grow sustainably.          PURPOSE & OBJECTIVES    Do you combine knowledge of business innovation and next-generation technologies to help companies run their businesses better? Do you dream of changing what businesses can achieve and the impact they can have through the intelligent use of these technologies? SAP Leonardo Services is a dynamic new entity within SAP that combines business innovation, next-gen technology, thought leadership and an entrepreneurial spirit to create impact at scale for SAP customers.     Our focus is helping SAP customers grow their businesses through the smart application of Leonardo technologies, including Blockchain, Machine Learning, Advanced Analytics, IOT and Artificial Intelligence. Working closely together with SAP product, sales and the rest of the services business we help realize SAP’s strategic goal of leading in next-generation technologies.     At SAP, we believe in the power of collaboration and empower our employees to perform at their best in an environment that encourages free and open expression of ideas. Here, you work alongside creative thinkers and deep experts who share your interests, while turning big ideas into reality for our customers. With innovative job training, mentors to help you grow, and the flexibility to balance your work and personal life, you’re able to build your career. It’s no wonder that some of the sharpest minds from around the world are working for a company that is consistently recognized as a global top employer.    Key Responsibilities   Collaborating as a trusted advisor to senior executives at SAP customers to progress business-led, technology-enabled innovation.Generating digital business models and concepts with senior executives that combine edge technology (IoT, blockchain, Machine Learning, Artificial Intelligence, and advanced analytics) with established tech. to deliver business impact and growth at scale.Catalyzing change for SAP customers with an obsession on quality and commercial impact.Driving new growth for SAP Leonardo Services across the region in collaboration with the partner ecosystem and across SAP, from product development, to sales.Leading and inspiring cross-functional teams of designers, technologists, and business innovators to take selected ideas from concept to commercialization.Creating and contributing to thought leadership at a global and local level for applied innovation.Enable SAP customers to adapt and use the SAP innovation methodologies, edge technologies, innovation processes and toolsDrive innovation management capabilities through the customer organization and the SAP organization   EDUCATION AND QUALIFICATIONS / SKILLS AND COMPETENCIES   Bachelor degree or equivalent.Proven track record of working with senior executives to develop new, disruptive digital business services that transform companies and industries.Proven experience in the design and growth of new businesses, preferably gained in a consulting firm or agency.Comfort and proven ability to operate at an executive level, both with business (CEO, CMO etc.) and technology (CIO, CTO etc.) leaders, to challenge established thinking and progress transformational programs.Able to deliver tangible business results by connecting strategic needs with current and emerging digital technology opportunities.Solid experience of how to apply one or more edge technologies (IOT, Data Science, Blockchain, Machine Learning) in a business context.Experience in how to revolutionize experiences and services gained in a number of industries, preferable one or more of the following; manufacturing, consumer products, energy and natural resources.High energy with a strong work ethic and desire to change the way businesses operate and apply emerging technologies to make a difference. Curious with an enquiring mind, inspired by exploration and the new with an openness to learn novel techniques and methods.Comfortable with ambiguity and working in a fast paced, changing environment across multiple engagements simultaneously.Passionate about technology enabled business change, inspired by it and able to inspire those around you about the possibilitiesFocused on consistently delivering high quality thinking and outputs, balanced with a pragmatism to get stuff done.Excellent communications / presentation skills (oral, written) able to convey complex concepts in condensed, concise and compelling terms.A natural collaborator comfortable working with a diverse range of people across geographic and organizational borders.   Experience & Language RequirementsExperience in innovation management, lean start-up organizations, innovation projects and/or research and developmentExperience in development of business models and business cases.Minimum 10 years of professional work experience from an innovation or service design consulting, digital agency or top-tier management consulting firm or the management consulting practice at a big System Integrator.Proven track record in diverse international and cross-cultural environments.Fluent in English and in one further European language is an asset.            SAP'S DIVERSITY COMMITMENT    To harness the power of innovation, SAP invests in the development of its diverse employees. We aspire to leverage the qualities and appreciate the unique competencies that each person brings to the company.     SAP is committed to the principles of Equal Employment Opportunity and to providing reasonable accommodations to applicants with physical and/or mental disabilities. If you are interested in applying for employment with SAP and are in need of accommodation or special assistance to navigate our website or to complete your application, please send an e-mail with your request to Recruiting Operations Team (Americas: Careers.NorthAmerica@sap.com or Careers.LatinAmerica@sap.com, APJ: Careers.APJ@sap.com, EMEA: Careers@sap.com). Requests for reasonable accommodation will be considered on a case-by-case basis.  Additional Locations: Virtual - Australia Read moreSee All",SAP Leonardo Services Applied Business Innovation Principal Consultant (Syd/Mel), 18 days ago
